PLAYER NAME,0-19,20-29,30-39,40-49,50+,AVG_0-19,AVG_20-29,AVG_30-39,AVG_40-49,AVG_50+,AVG_FAN PTS,AVG_XPA,AVG_XPM,FAN PTS,POS_AVG.,POS_BEST,POS_RK,POS_STD.DEV,POS_TIERS,POS_WORST,TEAM,XPA,XPM,FULL_SOS,SEASON_SOS,PLAYOFF_SOS,BOOM,BUST,STARTER
ANDERS CARLSON,0.0,6.0,14.0,4.0,3.0,0.0,0.4,0.8,0.2,0.2,7.4,2.3,2.0,125.0,24.8,10.0,28.0,5.4,5.0,35.0,GB,39.0,34.0,22,19,22,0,0,0
AUSTIN SEIBERT,0.0,0.0,1.0,0.0,0.0,0.0,0.0,1.0,0.0,0.0,4.0,1.0,1.0,4.0,29.6,25.0,34.0,3.0,6.0,34.0,NYJ,1.0,1.0,30,29,12,0,0,0
BLAKE GRUPE,0.0,10.0,6.0,8.0,6.0,0.0,0.6,0.4,0.5,0.4,8.8,2.4,2.4,150.0,17.4,14.0,18.0,1.4,4.0,21.0,NO,40.0,40.0,2,3,15,0,0,0
BRANDON AUBREY,0.0,9.0,13.0,4.0,10.0,0.0,0.5,0.8,0.2,0.6,10.6,3.1,2.9,181.0,1.8,1.0,2.0,0.8,1.0,5.0,DAL,52.0,49.0,7,10,6,0,0,0
BRANDON MCMANUS,0.0,4.0,10.0,11.0,5.0,0.0,0.2,0.6,0.6,0.3,8.6,2.1,2.1,146.0,22.9,5.0,26.0,14.6,4.0,81.0,FA,35.0,35.0,33,33,33,0,0,0
BRETT MAHER,0.0,3.0,4.0,7.0,3.0,0.0,0.4,0.5,0.9,0.4,9.6,1.9,1.6,77.0,33.6,29.0,37.0,5.8,6.0,45.0,FA,15.0,13.0,33,33,33,0,0,0
CADE YORK,0.0,0.0,0.0,0.0,0.0,0.0,0.0,0.0,0.0,0.0,0.0,0.0,0.0,0.0,30.8,27.0,38.0,3.0,6.0,35.0,CLE,0.0,0.0,4,2,18,0,0,0
CAIRO SANTOS,0.0,9.0,11.0,8.0,7.0,0.0,0.5,0.6,0.5,0.4,9.3,1.9,1.8,158.0,14.5,12.0,14.0,1.3,3.0,17.0,CHI,33.0,31.0,10,13,11,0,0,0
CAM LITTLE,0.0,0.0,0.0,0.0,0.0,0.0,0.0,0.0,0.0,0.0,0.0,0.0,0.0,0.0,33.2,23.0,31.0,16.1,6.0,83.0,JAC,0.0,0.0,5,8,5,0,0,0
CAMERON DICKER,0.0,7.0,8.0,9.0,7.0,0.0,0.4,0.5,0.5,0.4,8.9,2.1,2.1,151.0,11.6,8.0,11.0,1.7,3.0,16.0,LAC,35.0,35.0,29,22,31,0,0,0
CHAD RYLAND,0.0,4.0,5.0,5.0,2.0,0.0,0.2,0.3,0.3,0.1,4.8,1.5,1.4,81.0,31.1,28.0,36.0,2.8,6.0,38.0,NE,25.0,24.0,21,18,24,0,0,0
CHASE MCLAUGHLIN,0.0,8.0,12.0,2.0,7.0,0.0,0.5,0.7,0.1,0.4,8.0,1.9,1.9,136.0,20.6,9.0,23.0,4.8,4.0,30.0,TB,33.0,33.0,3,1,26,0,0,0
CHRIS BOSWELL,0.0,9.0,7.0,7.0,6.0,0.0,0.5,0.4,0.4,0.4,7.8,1.6,1.6,133.0,20.6,3.0,20.0,3.9,4.0,26.0,PIT,28.0,27.0,14,24,3,0,0,0
DANIEL CARLSON,0.0,10.0,6.0,9.0,1.0,0.0,0.6,0.4,0.5,0.1,7.1,1.9,1.9,121.0,16.8,12.0,16.0,2.3,3.0,23.0,LV,32.0,32.0,25,26,13,0,0,0
DUSTIN HOPKINS,0.0,8.0,7.0,10.0,8.0,0.0,0.5,0.5,0.7,0.5,9.9,1.7,1.6,149.0,13.9,10.0,13.0,4.2,3.0,23.0,CLE,26.0,24.0,4,2,18,0,0,0
EDDY PINEIRO,0.0,6.0,7.0,7.0,5.0,0.0,0.4,0.5,0.5,0.3,7.3,1.3,1.1,109.0,23.6,7.0,22.0,5.0,4.0,29.0,CAR,20.0,17.0,9,9,20,0,0,0
EVAN MCPHERSON,0.0,5.0,6.0,8.0,7.0,0.0,0.3,0.4,0.5,0.4,8.2,2.4,2.4,140.0,9.3,5.0,10.0,1.9,3.0,14.0,CIN,40.0,40.0,26,14,32,0,0,0
GRAHAM GANO,0.0,2.0,3.0,3.0,3.0,0.0,0.3,0.4,0.4,0.4,6.3,1.0,1.0,50.0,25.9,9.0,27.0,5.0,5.0,32.0,NYG,8.0,8.0,19,15,23,0,0,0
GREG JOSEPH,1.0,7.0,9.0,3.0,4.0,0.1,0.4,0.5,0.2,0.2,7.0,2.2,2.1,119.0,23.1,8.0,24.0,5.0,4.0,32.0,GB,38.0,36.0,22,19,22,0,0,0
GREG ZUERLEIN,0.0,8.0,9.0,13.0,5.0,0.0,0.5,0.6,0.8,0.3,8.9,1.0,0.9,143.0,16.7,4.0,15.0,3.7,3.0,22.0,NYJ,16.0,15.0,30,29,12,0,0,0
HARRISON BUTKER,0.0,8.0,13.0,7.0,5.0,0.0,0.5,0.8,0.4,0.3,9.1,2.2,2.2,154.0,4.6,3.0,4.0,1.8,2.0,11.0,KC,38.0,38.0,18,21,10,0,0,0
JAKE BATES,,,,,,,,,,,,,,,28.0,13.0,,15.0,,43.0,DET,,,28,31,9,0,0,0
JAKE ELLIOTT,0.0,9.0,7.0,7.0,7.0,0.0,0.5,0.4,0.4,0.4,9.2,2.7,2.6,156.0,7.4,3.0,8.0,3.4,2.0,21.0,PHI,46.0,45.0,23,25,16,0,0,0
JAKE MOODY,0.0,7.0,8.0,4.0,2.0,0.0,0.4,0.5,0.2,0.1,7.7,3.6,3.5,131.0,7.1,3.0,7.0,2.8,2.0,17.0,SF,61.0,60.0,17,28,4,0,0,0
JASON MYERS,0.0,8.0,11.0,12.0,4.0,0.0,0.5,0.6,0.7,0.2,9.3,1.9,1.9,158.0,15.6,11.0,17.0,3.4,4.0,29.0,SEA,33.0,33.0,13,27,2,0,0,0
JASON SANDERS,0.0,6.0,7.0,6.0,5.0,0.0,0.4,0.4,0.4,0.3,8.6,3.5,3.4,146.0,5.6,3.0,3.0,2.6,2.0,13.0,MIA,59.0,58.0,12,5,30,0,0,0
JOEY SLYE,0.0,2.0,7.0,7.0,3.0,0.0,0.1,0.4,0.4,0.2,6.0,2.1,1.9,102.0,31.6,27.0,33.0,2.7,6.0,36.0,NE,35.0,32.0,21,18,24,0,0,0
JOSHUA KARTY,0.0,0.0,0.0,0.0,0.0,0.0,0.0,0.0,0.0,0.0,0.0,0.0,0.0,0.0,31.0,18.0,32.0,16.9,6.0,82.0,LAR,0.0,0.0,16,20,8,0,0,0
JUSTIN TUCKER,0.0,10.0,10.0,11.0,1.0,0.0,0.6,0.6,0.6,0.1,9.4,3.1,3.0,160.0,1.5,1.0,1.0,0.7,1.0,4.0,BAL,52.0,51.0,11,6,29,0,0,0
KAIMI FAIRBAIRN,0.0,10.0,10.0,2.0,5.0,0.0,0.8,0.8,0.2,0.4,9.5,1.8,1.8,114.0,6.3,3.0,6.0,2.9,2.0,13.0,HOU,22.0,21.0,1,7,1,0,0,0
MATT GAY,0.0,9.0,9.0,7.0,8.0,0.0,0.5,0.5,0.4,0.5,9.2,2.1,2.1,157.0,12.6,7.0,12.0,1.9,3.0,16.0,IND,36.0,35.0,8,11,7,0,0,0
MATT PRATER,0.0,6.0,7.0,6.0,9.0,0.0,0.4,0.4,0.4,0.5,7.6,1.4,1.3,130.0,23.5,11.0,25.0,4.7,4.0,30.0,ARI,23.0,22.0,20,17,25,0,0,0
MICHAEL BADGLEY,0.0,0.0,3.0,1.0,0.0,0.0,0.0,0.8,0.3,0.0,6.5,3.8,3.3,26.0,19.2,4.0,19.0,5.6,4.0,25.0,DET,15.0,13.0,28,31,9,0,0,0
NICK FOLK,0.0,9.0,9.0,6.0,5.0,0.0,0.5,0.5,0.4,0.3,7.7,1.8,1.6,131.0,28.1,25.0,29.0,2.3,5.0,31.0,TEN,30.0,28.0,15,12,21,0,0,0
RAMIZ AHMED,0.0,0.0,0.0,0.0,0.0,0.0,0.0,0.0,0.0,0.0,0.0,0.0,0.0,0.0,30.5,27.0,39.0,3.5,6.0,34.0,WAS,0.0,0.0,27,23,28,0,0,0
RANDY BULLOCK,0.0,0.0,2.0,2.0,1.0,0.0,0.0,0.3,0.3,0.2,4.8,1.7,1.7,29.0,37.0,28.0,40.0,6.7,6.0,44.0,FA,10.0,10.0,33,33,33,0,0,0
RILEY PATTERSON,0.0,2.0,11.0,2.0,1.0,0.0,0.1,0.7,0.1,0.1,6.2,2.9,2.7,93.0,30.3,24.0,35.0,4.2,6.0,37.0,JAC,44.0,41.0,5,8,5,0,0,0
TYLER BASS,0.0,4.0,12.0,4.0,4.0,0.0,0.2,0.7,0.2,0.2,7.8,2.9,2.9,133.0,7.2,3.0,5.0,2.0,2.0,13.0,BUF,50.0,49.0,24,16,27,0,0,0
WIL LUTZ,0.0,11.0,12.0,4.0,3.0,0.0,0.6,0.7,0.2,0.2,7.6,1.8,1.7,129.0,20.6,6.0,21.0,3.8,4.0,27.0,DEN,31.0,29.0,32,32,19,0,0,0
WILL REICHARD,0.0,0.0,0.0,0.0,0.0,0.0,0.0,0.0,0.0,0.0,0.0,0.0,0.0,0.0,29.1,22.0,30.0,4.5,6.0,37.0,MIN,0.0,0.0,31,30,14,0,0,0
YOUNGHOE KOO,0.0,10.0,10.0,9.0,3.0,0.0,0.6,0.6,0.5,0.2,8.1,1.6,1.6,138.0,8.9,3.0,9.0,2.7,2.0,17.0,ATL,28.0,27.0,6,4,17,0,0,0
